summary,score
count,49969900
mean,16.201878190670783
stddev,212.52069814224947
min,-3112
25%,1
50%,1
75%,5
max,56529
