topic,true label,false label,incorrectly labeled as misinfo,incorrectly labeled as no misinfo,true ratio,incorrectly labeled misinfo ratio
emerging tech,10128,7238,1237,6001,0.5832085684671197,0.8290964354794143
social media,8416,6519,2918,3601,0.5635085369936391,0.5523853351741065
current events,8745,6909,3118,3791,0.5586431582981985,0.5487045882182661
covid,7345,4668,599,4069,0.6114209606259885,0.8716795201371037
russia&ukraine,25208,19796,4751,15045,0.5601279886232335,0.7600020206102243
demographic info,3962,2823,269,2554,0.5839351510685336,0.9047113000354233
tv shows,3719,2196,108,2088,0.6287404902789518,0.9508196721311475
foriegn relations,9750,7322,1615,5707,0.5711105904404874,0.7794318492215242
