topic,total_comments,count_below_neg_0_8,percentage_below_neg_0_8
emerging tech,47188,14998,31.78350428074934
social media,39298,13419,34.14677591734948
current events,64453,25635,39.773168044931964
covid,40208,12893,32.06575805809789
russia&ukraine,113047,37486,33.15965925676931
demographic info,34852,10035,28.79318260071158
tv shows,13166,4131,31.37627221631475
foriegn relations,54915,18437,33.573704816534644