topic,total_comments,count_below_neg_0_8,percentage_below_neg_0_8
us politics,48503,19239,39.665587695606455
economics/russia&ukraine,91577,35744,39.031634580735336
crime/protest,111858,48657,43.49890039156788
global politics,53414,20609,38.583517429887294
presidental news,52837,21466,40.62683346897061
tv shows,24860,10391,41.79806918744971
covid/russia&ukraine,134401,49112,36.54139478128883
supreme court/law,74628,30347,40.664361901699095
